Anchor,Positive,Negative
Anchor_3627_a.jpg,Positive_3628_a.jpg,Negative_3808_a.jpg
Anchor_3627_a.jpg,Positive_3629_a.jpg,Negative_3669_a.jpg
Anchor_3627_a.jpg,Positive_3630_a.jpg,Negative_3732_a.jpg
Anchor_3627_a.jpg,Positive_3631_a.jpg,Negative_3835_a.jpg
Anchor_3627_a.jpg,Positive_3618_a.jpg,Negative_3786_a.jpg
Anchor_3627_a.jpg,Positive_3613_a.jpg,Negative_3903_a.jpg
Anchor_3627_a.jpg,Positive_3632_a.jpg,Negative_3926_a.jpg
Anchor_3627_a.jpg,Positive_3595_a.jpg,Negative_3667_a.jpg
Anchor_3627_a.jpg,Positive_3594_a.jpg,Negative_3805_a.jpg
Anchor_3627_a.jpg,Positive_3633_a.jpg,Negative_3762_a.jpg
Anchor_3627_a.jpg,Positive_3634_a.jpg,Negative_3801_a.jpg
Anchor_3627_a.jpg,Positive_3635_a.jpg,Negative_3804_a.jpg
Anchor_3627_a.jpg,Positive_3636_a.jpg,Negative_3619_a.jpg
Anchor_3627_a.jpg,Positive_3637_a.jpg,Negative_3858_a.jpg
Anchor_3627_a.jpg,Positive_3638_a.jpg,Negative_3746_a.jpg
Anchor_3627_a.jpg,Positive_3639_a.jpg,Negative_3674_a.jpg
Anchor_3627_a.jpg,Positive_3640_a.jpg,Negative_3767_a.jpg
Anchor_3627_a.jpg,Positive_3647_a.jpg,Negative_3765_a.jpg
Anchor_3627_a.jpg,Positive_3648_a.jpg,Negative_3774_a.jpg
Anchor_3627_a.jpg,Positive_3649_a.jpg,Negative_3772_a.jpg
Anchor_3627_a.jpg,Positive_3650_a.jpg,Negative_3763_a.jpg
Anchor_3627_a.jpg,Positive_3651_a.jpg,Negative_3603_a.jpg
Anchor_3628_a.jpg,Positive_3629_a.jpg,Negative_3642_a.jpg
Anchor_3628_a.jpg,Positive_3630_a.jpg,Negative_3670_a.jpg
Anchor_3628_a.jpg,Positive_3631_a.jpg,Negative_3654_a.jpg
Anchor_3628_a.jpg,Positive_3618_a.jpg,Negative_3697_a.jpg
Anchor_3628_a.jpg,Positive_3613_a.jpg,Negative_3775_a.jpg
Anchor_3628_a.jpg,Positive_3632_a.jpg,Negative_3678_a.jpg
Anchor_3628_a.jpg,Positive_3595_a.jpg,Negative_3675_a.jpg
Anchor_3628_a.jpg,Positive_3594_a.jpg,Negative_3882_a.jpg
Anchor_3628_a.jpg,Positive_3633_a.jpg,Negative_3837_a.jpg
Anchor_3628_a.jpg,Positive_3634_a.jpg,Negative_3855_a.jpg
Anchor_3628_a.jpg,Positive_3635_a.jpg,Negative_3664_a.jpg
Anchor_3628_a.jpg,Positive_3636_a.jpg,Negative_3887_a.jpg
Anchor_3628_a.jpg,Positive_3637_a.jpg,Negative_3887_a.jpg
Anchor_3628_a.jpg,Positive_3638_a.jpg,Negative_3685_a.jpg
Anchor_3628_a.jpg,Positive_3639_a.jpg,Negative_3727_a.jpg
Anchor_3628_a.jpg,Positive_3640_a.jpg,Negative_3767_a.jpg
Anchor_3628_a.jpg,Positive_3647_a.jpg,Negative_3802_a.jpg
Anchor_3628_a.jpg,Positive_3648_a.jpg,Negative_3857_a.jpg
Anchor_3628_a.jpg,Positive_3649_a.jpg,Negative_3794_a.jpg
Anchor_3628_a.jpg,Positive_3650_a.jpg,Negative_3676_a.jpg
Anchor_3628_a.jpg,Positive_3651_a.jpg,Negative_3586_a.jpg
Anchor_3629_a.jpg,Positive_3630_a.jpg,Negative_3805_a.jpg
Anchor_3629_a.jpg,Positive_3631_a.jpg,Negative_3666_a.jpg
Anchor_3629_a.jpg,Positive_3618_a.jpg,Negative_3785_a.jpg
Anchor_3629_a.jpg,Positive_3613_a.jpg,Negative_3710_a.jpg
Anchor_3629_a.jpg,Positive_3632_a.jpg,Negative_3803_a.jpg
Anchor_3629_a.jpg,Positive_3595_a.jpg,Negative_3779_a.jpg
Anchor_3629_a.jpg,Positive_3594_a.jpg,Negative_3589_a.jpg
Anchor_3629_a.jpg,Positive_3633_a.jpg,Negative_3841_a.jpg
Anchor_3629_a.jpg,Positive_3634_a.jpg,Negative_3645_a.jpg
Anchor_3629_a.jpg,Positive_3635_a.jpg,Negative_3792_a.jpg
Anchor_3629_a.jpg,Positive_3636_a.jpg,Negative_3696_a.jpg
Anchor_3629_a.jpg,Positive_3637_a.jpg,Negative_3763_a.jpg
Anchor_3629_a.jpg,Positive_3638_a.jpg,Negative_3805_a.jpg
Anchor_3629_a.jpg,Positive_3639_a.jpg,Negative_3612_a.jpg
Anchor_3629_a.jpg,Positive_3640_a.jpg,Negative_3646_a.jpg
Anchor_3629_a.jpg,Positive_3647_a.jpg,Negative_3854_a.jpg
Anchor_3629_a.jpg,Positive_3648_a.jpg,Negative_3816_a.jpg
Anchor_3629_a.jpg,Positive_3649_a.jpg,Negative_3609_a.jpg
Anchor_3629_a.jpg,Positive_3650_a.jpg,Negative_3856_a.jpg
Anchor_3629_a.jpg,Positive_3651_a.jpg,Negative_3807_a.jpg
Anchor_3630_a.jpg,Positive_3631_a.jpg,Negative_3662_a.jpg
Anchor_3630_a.jpg,Positive_3618_a.jpg,Negative_3642_a.jpg
Anchor_3630_a.jpg,Positive_3613_a.jpg,Negative_3680_a.jpg
Anchor_3630_a.jpg,Positive_3632_a.jpg,Negative_3677_a.jpg
Anchor_3630_a.jpg,Positive_3595_a.jpg,Negative_3668_a.jpg
Anchor_3630_a.jpg,Positive_3594_a.jpg,Negative_3784_a.jpg
Anchor_3630_a.jpg,Positive_3633_a.jpg,Negative_3841_a.jpg
Anchor_3630_a.jpg,Positive_3634_a.jpg,Negative_3882_a.jpg
Anchor_3630_a.jpg,Positive_3635_a.jpg,Negative_3744_a.jpg
Anchor_3630_a.jpg,Positive_3636_a.jpg,Negative_3909_a.jpg
Anchor_3630_a.jpg,Positive_3637_a.jpg,Negative_3766_a.jpg
Anchor_3630_a.jpg,Positive_3638_a.jpg,Negative_3907_a.jpg
Anchor_3630_a.jpg,Positive_3639_a.jpg,Negative_3804_a.jpg
Anchor_3630_a.jpg,Positive_3640_a.jpg,Negative_3799_a.jpg
Anchor_3630_a.jpg,Positive_3647_a.jpg,Negative_3687_a.jpg
Anchor_3630_a.jpg,Positive_3648_a.jpg,Negative_3889_a.jpg
Anchor_3630_a.jpg,Positive_3649_a.jpg,Negative_3684_a.jpg
Anchor_3630_a.jpg,Positive_3650_a.jpg,Negative_3907_a.jpg
Anchor_3630_a.jpg,Positive_3651_a.jpg,Negative_3805_a.jpg
Anchor_3631_a.jpg,Positive_3618_a.jpg,Negative_3889_a.jpg
Anchor_3631_a.jpg,Positive_3613_a.jpg,Negative_3645_a.jpg
Anchor_3631_a.jpg,Positive_3632_a.jpg,Negative_3645_a.jpg
Anchor_3631_a.jpg,Positive_3595_a.jpg,Negative_3838_a.jpg
Anchor_3631_a.jpg,Positive_3594_a.jpg,Negative_3796_a.jpg
Anchor_3631_a.jpg,Positive_3633_a.jpg,Negative_3746_a.jpg
Anchor_3631_a.jpg,Positive_3634_a.jpg,Negative_3813_a.jpg
Anchor_3631_a.jpg,Positive_3635_a.jpg,Negative_3907_a.jpg
Anchor_3631_a.jpg,Positive_3636_a.jpg,Negative_3784_a.jpg
Anchor_3631_a.jpg,Positive_3637_a.jpg,Negative_3859_a.jpg
Anchor_3631_a.jpg,Positive_3638_a.jpg,Negative_3654_a.jpg
Anchor_3631_a.jpg,Positive_3639_a.jpg,Negative_3761_a.jpg
Anchor_3631_a.jpg,Positive_3640_a.jpg,Negative_3678_a.jpg
Anchor_3631_a.jpg,Positive_3647_a.jpg,Negative_3880_a.jpg
Anchor_3631_a.jpg,Positive_3648_a.jpg,Negative_3671_a.jpg
Anchor_3631_a.jpg,Positive_3649_a.jpg,Negative_3900_a.jpg
Anchor_3631_a.jpg,Positive_3650_a.jpg,Negative_3779_a.jpg
Anchor_3631_a.jpg,Positive_3651_a.jpg,Negative_3786_a.jpg
Anchor_3618_a.jpg,Positive_3613_a.jpg,Negative_3908_a.jpg
Anchor_3618_a.jpg,Positive_3632_a.jpg,Negative_3687_a.jpg
Anchor_3618_a.jpg,Positive_3595_a.jpg,Negative_3689_a.jpg
Anchor_3618_a.jpg,Positive_3594_a.jpg,Negative_3641_a.jpg
Anchor_3618_a.jpg,Positive_3633_a.jpg,Negative_3885_a.jpg
Anchor_3618_a.jpg,Positive_3634_a.jpg,Negative_3727_a.jpg
Anchor_3618_a.jpg,Positive_3635_a.jpg,Negative_3801_a.jpg
Anchor_3618_a.jpg,Positive_3636_a.jpg,Negative_3880_a.jpg
Anchor_3618_a.jpg,Positive_3637_a.jpg,Negative_3760_a.jpg
Anchor_3618_a.jpg,Positive_3638_a.jpg,Negative_3714_a.jpg
Anchor_3618_a.jpg,Positive_3639_a.jpg,Negative_3733_a.jpg
Anchor_3618_a.jpg,Positive_3640_a.jpg,Negative_3861_a.jpg
Anchor_3618_a.jpg,Positive_3647_a.jpg,Negative_3757_a.jpg
Anchor_3618_a.jpg,Positive_3648_a.jpg,Negative_3685_a.jpg
Anchor_3618_a.jpg,Positive_3649_a.jpg,Negative_3728_a.jpg
Anchor_3618_a.jpg,Positive_3650_a.jpg,Negative_3788_a.jpg
Anchor_3618_a.jpg,Positive_3651_a.jpg,Negative_3794_a.jpg
Anchor_3613_a.jpg,Positive_3632_a.jpg,Negative_3724_a.jpg
Anchor_3613_a.jpg,Positive_3595_a.jpg,Negative_3744_a.jpg
Anchor_3613_a.jpg,Positive_3594_a.jpg,Negative_3815_a.jpg
Anchor_3613_a.jpg,Positive_3633_a.jpg,Negative_3746_a.jpg
Anchor_3613_a.jpg,Positive_3634_a.jpg,Negative_3889_a.jpg
Anchor_3613_a.jpg,Positive_3635_a.jpg,Negative_3887_a.jpg
Anchor_3613_a.jpg,Positive_3636_a.jpg,Negative_3661_a.jpg
Anchor_3613_a.jpg,Positive_3637_a.jpg,Negative_3797_a.jpg
Anchor_3613_a.jpg,Positive_3638_a.jpg,Negative_3895_a.jpg
Anchor_3613_a.jpg,Positive_3639_a.jpg,Negative_3667_a.jpg
Anchor_3613_a.jpg,Positive_3640_a.jpg,Negative_3854_a.jpg
Anchor_3613_a.jpg,Positive_3647_a.jpg,Negative_3662_a.jpg
Anchor_3613_a.jpg,Positive_3648_a.jpg,Negative_3581_a.jpg
Anchor_3613_a.jpg,Positive_3649_a.jpg,Negative_3688_a.jpg
Anchor_3613_a.jpg,Positive_3650_a.jpg,Negative_3838_a.jpg
Anchor_3613_a.jpg,Positive_3651_a.jpg,Negative_3760_a.jpg
Anchor_3632_a.jpg,Positive_3595_a.jpg,Negative_3641_a.jpg
Anchor_3632_a.jpg,Positive_3594_a.jpg,Negative_3880_a.jpg
Anchor_3632_a.jpg,Positive_3633_a.jpg,Negative_3730_a.jpg
Anchor_3632_a.jpg,Positive_3634_a.jpg,Negative_3692_a.jpg
Anchor_3632_a.jpg,Positive_3635_a.jpg,Negative_3795_a.jpg
Anchor_3632_a.jpg,Positive_3636_a.jpg,Negative_3793_a.jpg
Anchor_3632_a.jpg,Positive_3637_a.jpg,Negative_3883_a.jpg
Anchor_3632_a.jpg,Positive_3638_a.jpg,Negative_3817_a.jpg
Anchor_3632_a.jpg,Positive_3639_a.jpg,Negative_3797_a.jpg
Anchor_3632_a.jpg,Positive_3640_a.jpg,Negative_3807_a.jpg
Anchor_3632_a.jpg,Positive_3647_a.jpg,Negative_3908_a.jpg
Anchor_3632_a.jpg,Positive_3648_a.jpg,Negative_3719_a.jpg
Anchor_3632_a.jpg,Positive_3649_a.jpg,Negative_3683_a.jpg
Anchor_3632_a.jpg,Positive_3650_a.jpg,Negative_3784_a.jpg
Anchor_3632_a.jpg,Positive_3651_a.jpg,Negative_3663_a.jpg
Anchor_3595_a.jpg,Positive_3594_a.jpg,Negative_3767_a.jpg
Anchor_3595_a.jpg,Positive_3633_a.jpg,Negative_3748_a.jpg
Anchor_3595_a.jpg,Positive_3634_a.jpg,Negative_3784_a.jpg
Anchor_3595_a.jpg,Positive_3635_a.jpg,Negative_3643_a.jpg
Anchor_3595_a.jpg,Positive_3636_a.jpg,Negative_3785_a.jpg
Anchor_3595_a.jpg,Positive_3637_a.jpg,Negative_3641_a.jpg
Anchor_3595_a.jpg,Positive_3638_a.jpg,Negative_3903_a.jpg
Anchor_3595_a.jpg,Positive_3639_a.jpg,Negative_3676_a.jpg
Anchor_3595_a.jpg,Positive_3640_a.jpg,Negative_3884_a.jpg
Anchor_3595_a.jpg,Positive_3647_a.jpg,Negative_3797_a.jpg
Anchor_3595_a.jpg,Positive_3648_a.jpg,Negative_3681_a.jpg
Anchor_3595_a.jpg,Positive_3649_a.jpg,Negative_3717_a.jpg
Anchor_3595_a.jpg,Positive_3650_a.jpg,Negative_3765_a.jpg
Anchor_3595_a.jpg,Positive_3651_a.jpg,Negative_3811_a.jpg
Anchor_3594_a.jpg,Positive_3633_a.jpg,Negative_3841_a.jpg
Anchor_3594_a.jpg,Positive_3634_a.jpg,Negative_3787_a.jpg
Anchor_3594_a.jpg,Positive_3635_a.jpg,Negative_3729_a.jpg
Anchor_3594_a.jpg,Positive_3636_a.jpg,Negative_3586_a.jpg
Anchor_3594_a.jpg,Positive_3637_a.jpg,Negative_3724_a.jpg
Anchor_3594_a.jpg,Positive_3638_a.jpg,Negative_3605_a.jpg
Anchor_3594_a.jpg,Positive_3639_a.jpg,Negative_3677_a.jpg
Anchor_3594_a.jpg,Positive_3640_a.jpg,Negative_3657_a.jpg
Anchor_3594_a.jpg,Positive_3647_a.jpg,Negative_3910_a.jpg
Anchor_3594_a.jpg,Positive_3648_a.jpg,Negative_3838_a.jpg
Anchor_3594_a.jpg,Positive_3649_a.jpg,Negative_3623_a.jpg
Anchor_3594_a.jpg,Positive_3650_a.jpg,Negative_3910_a.jpg
Anchor_3594_a.jpg,Positive_3651_a.jpg,Negative_3660_a.jpg
Anchor_3633_a.jpg,Positive_3634_a.jpg,Negative_3778_a.jpg
Anchor_3633_a.jpg,Positive_3635_a.jpg,Negative_3895_a.jpg
Anchor_3633_a.jpg,Positive_3636_a.jpg,Negative_3896_a.jpg
Anchor_3633_a.jpg,Positive_3637_a.jpg,Negative_3759_a.jpg
Anchor_3633_a.jpg,Positive_3638_a.jpg,Negative_3837_a.jpg
Anchor_3633_a.jpg,Positive_3639_a.jpg,Negative_3695_a.jpg
Anchor_3633_a.jpg,Positive_3640_a.jpg,Negative_3800_a.jpg
Anchor_3633_a.jpg,Positive_3647_a.jpg,Negative_3807_a.jpg
Anchor_3633_a.jpg,Positive_3648_a.jpg,Negative_3745_a.jpg
Anchor_3633_a.jpg,Positive_3649_a.jpg,Negative_3853_a.jpg
Anchor_3633_a.jpg,Positive_3650_a.jpg,Negative_3679_a.jpg
Anchor_3633_a.jpg,Positive_3651_a.jpg,Negative_3774_a.jpg
Anchor_3634_a.jpg,Positive_3635_a.jpg,Negative_3662_a.jpg
Anchor_3634_a.jpg,Positive_3636_a.jpg,Negative_3666_a.jpg
Anchor_3634_a.jpg,Positive_3637_a.jpg,Negative_3896_a.jpg
Anchor_3634_a.jpg,Positive_3638_a.jpg,Negative_3902_a.jpg
Anchor_3634_a.jpg,Positive_3639_a.jpg,Negative_3904_a.jpg
Anchor_3634_a.jpg,Positive_3640_a.jpg,Negative_3772_a.jpg
Anchor_3634_a.jpg,Positive_3647_a.jpg,Negative_3693_a.jpg
Anchor_3634_a.jpg,Positive_3648_a.jpg,Negative_3688_a.jpg
Anchor_3634_a.jpg,Positive_3649_a.jpg,Negative_3646_a.jpg
Anchor_3634_a.jpg,Positive_3650_a.jpg,Negative_3743_a.jpg
Anchor_3634_a.jpg,Positive_3651_a.jpg,Negative_3800_a.jpg
Anchor_3635_a.jpg,Positive_3636_a.jpg,Negative_3681_a.jpg
Anchor_3635_a.jpg,Positive_3637_a.jpg,Negative_3748_a.jpg
Anchor_3635_a.jpg,Positive_3638_a.jpg,Negative_3798_a.jpg
Anchor_3635_a.jpg,Positive_3639_a.jpg,Negative_3756_a.jpg
Anchor_3635_a.jpg,Positive_3640_a.jpg,Negative_3666_a.jpg
Anchor_3635_a.jpg,Positive_3647_a.jpg,Negative_3695_a.jpg
Anchor_3635_a.jpg,Positive_3648_a.jpg,Negative_3687_a.jpg
Anchor_3635_a.jpg,Positive_3649_a.jpg,Negative_3777_a.jpg
Anchor_3635_a.jpg,Positive_3650_a.jpg,Negative_3887_a.jpg
Anchor_3635_a.jpg,Positive_3651_a.jpg,Negative_3732_a.jpg
Anchor_3636_a.jpg,Positive_3637_a.jpg,Negative_3907_a.jpg
Anchor_3636_a.jpg,Positive_3638_a.jpg,Negative_3719_a.jpg
Anchor_3636_a.jpg,Positive_3639_a.jpg,Negative_3680_a.jpg
Anchor_3636_a.jpg,Positive_3640_a.jpg,Negative_3749_a.jpg
Anchor_3636_a.jpg,Positive_3647_a.jpg,Negative_3663_a.jpg
Anchor_3636_a.jpg,Positive_3648_a.jpg,Negative_3772_a.jpg
Anchor_3636_a.jpg,Positive_3649_a.jpg,Negative_3792_a.jpg
Anchor_3636_a.jpg,Positive_3650_a.jpg,Negative_3709_a.jpg
Anchor_3636_a.jpg,Positive_3651_a.jpg,Negative_3684_a.jpg
Anchor_3637_a.jpg,Positive_3638_a.jpg,Negative_3614_a.jpg
Anchor_3637_a.jpg,Positive_3639_a.jpg,Negative_3894_a.jpg
Anchor_3637_a.jpg,Positive_3640_a.jpg,Negative_3842_a.jpg
Anchor_3637_a.jpg,Positive_3647_a.jpg,Negative_3818_a.jpg
Anchor_3637_a.jpg,Positive_3648_a.jpg,Negative_3803_a.jpg
Anchor_3637_a.jpg,Positive_3649_a.jpg,Negative_3756_a.jpg
Anchor_3637_a.jpg,Positive_3650_a.jpg,Negative_3815_a.jpg
Anchor_3637_a.jpg,Positive_3651_a.jpg,Negative_3642_a.jpg
Anchor_3638_a.jpg,Positive_3639_a.jpg,Negative_3776_a.jpg
Anchor_3638_a.jpg,Positive_3640_a.jpg,Negative_3623_a.jpg
Anchor_3638_a.jpg,Positive_3647_a.jpg,Negative_3887_a.jpg
Anchor_3638_a.jpg,Positive_3648_a.jpg,Negative_3809_a.jpg
Anchor_3638_a.jpg,Positive_3649_a.jpg,Negative_3883_a.jpg
Anchor_3638_a.jpg,Positive_3650_a.jpg,Negative_3803_a.jpg
Anchor_3638_a.jpg,Positive_3651_a.jpg,Negative_3679_a.jpg
Anchor_3639_a.jpg,Positive_3640_a.jpg,Negative_3791_a.jpg
Anchor_3639_a.jpg,Positive_3647_a.jpg,Negative_3857_a.jpg
Anchor_3639_a.jpg,Positive_3648_a.jpg,Negative_3755_a.jpg
Anchor_3639_a.jpg,Positive_3649_a.jpg,Negative_3904_a.jpg
Anchor_3639_a.jpg,Positive_3650_a.jpg,Negative_3668_a.jpg
Anchor_3639_a.jpg,Positive_3651_a.jpg,Negative_3803_a.jpg
Anchor_3640_a.jpg,Positive_3647_a.jpg,Negative_3731_a.jpg
Anchor_3640_a.jpg,Positive_3648_a.jpg,Negative_3759_a.jpg
Anchor_3640_a.jpg,Positive_3649_a.jpg,Negative_3743_a.jpg
Anchor_3640_a.jpg,Positive_3650_a.jpg,Negative_3766_a.jpg
Anchor_3640_a.jpg,Positive_3651_a.jpg,Negative_3589_a.jpg
Anchor_3647_a.jpg,Positive_3648_a.jpg,Negative_3730_a.jpg
Anchor_3647_a.jpg,Positive_3649_a.jpg,Negative_3761_a.jpg
Anchor_3647_a.jpg,Positive_3650_a.jpg,Negative_3709_a.jpg
Anchor_3647_a.jpg,Positive_3651_a.jpg,Negative_3728_a.jpg
Anchor_3648_a.jpg,Positive_3649_a.jpg,Negative_3745_a.jpg
Anchor_3648_a.jpg,Positive_3650_a.jpg,Negative_3643_a.jpg
Anchor_3648_a.jpg,Positive_3651_a.jpg,Negative_3758_a.jpg
Anchor_3649_a.jpg,Positive_3650_a.jpg,Negative_3808_a.jpg
Anchor_3649_a.jpg,Positive_3651_a.jpg,Negative_3772_a.jpg
Anchor_3650_a.jpg,Positive_3651_a.jpg,Negative_3901_a.jpg
Anchor_3641_a.jpg,Positive_3642_a.jpg,Negative_3719_a.jpg
Anchor_3641_a.jpg,Positive_3643_a.jpg,Negative_3887_a.jpg
Anchor_3641_a.jpg,Positive_3644_a.jpg,Negative_3778_a.jpg
Anchor_3641_a.jpg,Positive_3645_a.jpg,Negative_3773_a.jpg
Anchor_3641_a.jpg,Positive_3646_a.jpg,Negative_3774_a.jpg
Anchor_3641_a.jpg,Positive_3724_a.jpg,Negative_3895_a.jpg
Anchor_3641_a.jpg,Positive_3725_a.jpg,Negative_3788_a.jpg
Anchor_3641_a.jpg,Positive_3726_a.jpg,Negative_3585_a.jpg
Anchor_3641_a.jpg,Positive_3727_a.jpg,Negative_3894_a.jpg
Anchor_3641_a.jpg,Positive_3728_a.jpg,Negative_3613_a.jpg
Anchor_3641_a.jpg,Positive_3729_a.jpg,Negative_3897_a.jpg
Anchor_3641_a.jpg,Positive_3730_a.jpg,Negative_3712_a.jpg
Anchor_3642_a.jpg,Positive_3643_a.jpg,Negative_3612_a.jpg
Anchor_3642_a.jpg,Positive_3644_a.jpg,Negative_3859_a.jpg
Anchor_3642_a.jpg,Positive_3645_a.jpg,Negative_3667_a.jpg
Anchor_3642_a.jpg,Positive_3646_a.jpg,Negative_3665_a.jpg
Anchor_3642_a.jpg,Positive_3724_a.jpg,Negative_3581_a.jpg
Anchor_3642_a.jpg,Positive_3725_a.jpg,Negative_3614_a.jpg
Anchor_3642_a.jpg,Positive_3726_a.jpg,Negative_3695_a.jpg
Anchor_3642_a.jpg,Positive_3727_a.jpg,Negative_3880_a.jpg
Anchor_3642_a.jpg,Positive_3728_a.jpg,Negative_3814_a.jpg
Anchor_3642_a.jpg,Positive_3729_a.jpg,Negative_3896_a.jpg
Anchor_3642_a.jpg,Positive_3730_a.jpg,Negative_3897_a.jpg
Anchor_3643_a.jpg,Positive_3644_a.jpg,Negative_3801_a.jpg
Anchor_3643_a.jpg,Positive_3645_a.jpg,Negative_3906_a.jpg
Anchor_3643_a.jpg,Positive_3646_a.jpg,Negative_3759_a.jpg
Anchor_3643_a.jpg,Positive_3724_a.jpg,Negative_3882_a.jpg
Anchor_3643_a.jpg,Positive_3725_a.jpg,Negative_3614_a.jpg
Anchor_3643_a.jpg,Positive_3726_a.jpg,Negative_3663_a.jpg
Anchor_3643_a.jpg,Positive_3727_a.jpg,Negative_3861_a.jpg
Anchor_3643_a.jpg,Positive_3728_a.jpg,Negative_3839_a.jpg
Anchor_3643_a.jpg,Positive_3729_a.jpg,Negative_3732_a.jpg
Anchor_3643_a.jpg,Positive_3730_a.jpg,Negative_3883_a.jpg
Anchor_3644_a.jpg,Positive_3645_a.jpg,Negative_3764_a.jpg
Anchor_3644_a.jpg,Positive_3646_a.jpg,Negative_3886_a.jpg
Anchor_3644_a.jpg,Positive_3724_a.jpg,Negative_3842_a.jpg
Anchor_3644_a.jpg,Positive_3725_a.jpg,Negative_3614_a.jpg
Anchor_3644_a.jpg,Positive_3726_a.jpg,Negative_3657_a.jpg
Anchor_3644_a.jpg,Positive_3727_a.jpg,Negative_3669_a.jpg
Anchor_3644_a.jpg,Positive_3728_a.jpg,Negative_3675_a.jpg
Anchor_3644_a.jpg,Positive_3729_a.jpg,Negative_3926_a.jpg
Anchor_3644_a.jpg,Positive_3730_a.jpg,Negative_3808_a.jpg
Anchor_3645_a.jpg,Positive_3646_a.jpg,Negative_3665_a.jpg
Anchor_3645_a.jpg,Positive_3724_a.jpg,Negative_3842_a.jpg
Anchor_3645_a.jpg,Positive_3725_a.jpg,Negative_3709_a.jpg
Anchor_3645_a.jpg,Positive_3726_a.jpg,Negative_3797_a.jpg
Anchor_3645_a.jpg,Positive_3727_a.jpg,Negative_3678_a.jpg
Anchor_3645_a.jpg,Positive_3728_a.jpg,Negative_3609_a.jpg
Anchor_3645_a.jpg,Positive_3729_a.jpg,Negative_3691_a.jpg
Anchor_3645_a.jpg,Positive_3730_a.jpg,Negative_3640_a.jpg
Anchor_3646_a.jpg,Positive_3724_a.jpg,Negative_3773_a.jpg
Anchor_3646_a.jpg,Positive_3725_a.jpg,Negative_3697_a.jpg
Anchor_3646_a.jpg,Positive_3726_a.jpg,Negative_3633_a.jpg
Anchor_3646_a.jpg,Positive_3727_a.jpg,Negative_3609_a.jpg
Anchor_3646_a.jpg,Positive_3728_a.jpg,Negative_3786_a.jpg
Anchor_3646_a.jpg,Positive_3729_a.jpg,Negative_3690_a.jpg
Anchor_3646_a.jpg,Positive_3730_a.jpg,Negative_3614_a.jpg
Anchor_3724_a.jpg,Positive_3725_a.jpg,Negative_3842_a.jpg
Anchor_3724_a.jpg,Positive_3726_a.jpg,Negative_3808_a.jpg
Anchor_3724_a.jpg,Positive_3727_a.jpg,Negative_3905_a.jpg
Anchor_3724_a.jpg,Positive_3728_a.jpg,Negative_3763_a.jpg
Anchor_3724_a.jpg,Positive_3729_a.jpg,Negative_3911_a.jpg
Anchor_3724_a.jpg,Positive_3730_a.jpg,Negative_3686_a.jpg
Anchor_3725_a.jpg,Positive_3726_a.jpg,Negative_3841_a.jpg
Anchor_3725_a.jpg,Positive_3727_a.jpg,Negative_3885_a.jpg
Anchor_3725_a.jpg,Positive_3728_a.jpg,Negative_3639_a.jpg
Anchor_3725_a.jpg,Positive_3729_a.jpg,Negative_3750_a.jpg
Anchor_3725_a.jpg,Positive_3730_a.jpg,Negative_3861_a.jpg
Anchor_3726_a.jpg,Positive_3727_a.jpg,Negative_3654_a.jpg
Anchor_3726_a.jpg,Positive_3728_a.jpg,Negative_3677_a.jpg
Anchor_3726_a.jpg,Positive_3729_a.jpg,Negative_3630_a.jpg
Anchor_3726_a.jpg,Positive_3730_a.jpg,Negative_3654_a.jpg
Anchor_3727_a.jpg,Positive_3728_a.jpg,Negative_3605_a.jpg
Anchor_3727_a.jpg,Positive_3729_a.jpg,Negative_3838_a.jpg
Anchor_3727_a.jpg,Positive_3730_a.jpg,Negative_3770_a.jpg
Anchor_3728_a.jpg,Positive_3729_a.jpg,Negative_3637_a.jpg
Anchor_3728_a.jpg,Positive_3730_a.jpg,Negative_3623_a.jpg
Anchor_3729_a.jpg,Positive_3730_a.jpg,Negative_3618_a.jpg
Anchor_3585_a.jpg,Positive_3654_a.jpg,Negative_3804_a.jpg
Anchor_3585_a.jpg,Positive_3658_a.jpg,Negative_3771_a.jpg
Anchor_3585_a.jpg,Positive_3659_a.jpg,Negative_3716_a.jpg
Anchor_3585_a.jpg,Positive_3699_a.jpg,Negative_3732_a.jpg
Anchor_3585_a.jpg,Positive_3660_a.jpg,Negative_3787_a.jpg
Anchor_3585_a.jpg,Positive_3661_a.jpg,Negative_3791_a.jpg
Anchor_3585_a.jpg,Positive_3662_a.jpg,Negative_3716_a.jpg
Anchor_3585_a.jpg,Positive_3663_a.jpg,Negative_3648_a.jpg
Anchor_3585_a.jpg,Positive_3605_a.jpg,Negative_3581_a.jpg
Anchor_3654_a.jpg,Positive_3658_a.jpg,Negative_3677_a.jpg
Anchor_3654_a.jpg,Positive_3659_a.jpg,Negative_3714_a.jpg
Anchor_3654_a.jpg,Positive_3699_a.jpg,Negative_3861_a.jpg
Anchor_3654_a.jpg,Positive_3660_a.jpg,Negative_3639_a.jpg
Anchor_3654_a.jpg,Positive_3661_a.jpg,Negative_3669_a.jpg
Anchor_3654_a.jpg,Positive_3662_a.jpg,Negative_3668_a.jpg
Anchor_3654_a.jpg,Positive_3663_a.jpg,Negative_3757_a.jpg
Anchor_3654_a.jpg,Positive_3605_a.jpg,Negative_3789_a.jpg
Anchor_3658_a.jpg,Positive_3659_a.jpg,Negative_3885_a.jpg
Anchor_3658_a.jpg,Positive_3699_a.jpg,Negative_3838_a.jpg
Anchor_3658_a.jpg,Positive_3660_a.jpg,Negative_3803_a.jpg
Anchor_3658_a.jpg,Positive_3661_a.jpg,Negative_3688_a.jpg
Anchor_3658_a.jpg,Positive_3662_a.jpg,Negative_3784_a.jpg
Anchor_3658_a.jpg,Positive_3663_a.jpg,Negative_3926_a.jpg
Anchor_3658_a.jpg,Positive_3605_a.jpg,Negative_3770_a.jpg
Anchor_3659_a.jpg,Positive_3699_a.jpg,Negative_3837_a.jpg
Anchor_3659_a.jpg,Positive_3660_a.jpg,Negative_3675_a.jpg
Anchor_3659_a.jpg,Positive_3661_a.jpg,Negative_3761_a.jpg
Anchor_3659_a.jpg,Positive_3662_a.jpg,Negative_3755_a.jpg
Anchor_3659_a.jpg,Positive_3663_a.jpg,Negative_3813_a.jpg
Anchor_3659_a.jpg,Positive_3605_a.jpg,Negative_3755_a.jpg
Anchor_3699_a.jpg,Positive_3660_a.jpg,Negative_3589_a.jpg
Anchor_3699_a.jpg,Positive_3661_a.jpg,Negative_3638_a.jpg
Anchor_3699_a.jpg,Positive_3662_a.jpg,Negative_3903_a.jpg
Anchor_3699_a.jpg,Positive_3663_a.jpg,Negative_3643_a.jpg
Anchor_3699_a.jpg,Positive_3605_a.jpg,Negative_3902_a.jpg
Anchor_3660_a.jpg,Positive_3661_a.jpg,Negative_3766_a.jpg
Anchor_3660_a.jpg,Positive_3662_a.jpg,Negative_3815_a.jpg
Anchor_3660_a.jpg,Positive_3663_a.jpg,Negative_3758_a.jpg
Anchor_3660_a.jpg,Positive_3605_a.jpg,Negative_3708_a.jpg
Anchor_3661_a.jpg,Positive_3662_a.jpg,Negative_3886_a.jpg
Anchor_3661_a.jpg,Positive_3663_a.jpg,Negative_3814_a.jpg
Anchor_3661_a.jpg,Positive_3605_a.jpg,Negative_3805_a.jpg
Anchor_3662_a.jpg,Positive_3663_a.jpg,Negative_3595_a.jpg
Anchor_3662_a.jpg,Positive_3605_a.jpg,Negative_3814_a.jpg
Anchor_3663_a.jpg,Positive_3605_a.jpg,Negative_3814_a.jpg
Anchor_3665_a.jpg,Positive_3666_a.jpg,Negative_3901_a.jpg
Anchor_3665_a.jpg,Positive_3667_a.jpg,Negative_3772_a.jpg
Anchor_3665_a.jpg,Positive_3668_a.jpg,Negative_3789_a.jpg
Anchor_3665_a.jpg,Positive_3669_a.jpg,Negative_3773_a.jpg
Anchor_3666_a.jpg,Positive_3667_a.jpg,Negative_3761_a.jpg
Anchor_3666_a.jpg,Positive_3668_a.jpg,Negative_3788_a.jpg
Anchor_3666_a.jpg,Positive_3669_a.jpg,Negative_3661_a.jpg
Anchor_3667_a.jpg,Positive_3668_a.jpg,Negative_3794_a.jpg
Anchor_3667_a.jpg,Positive_3669_a.jpg,Negative_3726_a.jpg
Anchor_3668_a.jpg,Positive_3669_a.jpg,Negative_3760_a.jpg
Anchor_3698_a.jpg,Positive_3670_a.jpg,Negative_3583_a.jpg
Anchor_3698_a.jpg,Positive_3671_a.jpg,Negative_3623_a.jpg
Anchor_3698_a.jpg,Positive_3673_a.jpg,Negative_3632_a.jpg
Anchor_3670_a.jpg,Positive_3671_a.jpg,Negative_3778_a.jpg
Anchor_3670_a.jpg,Positive_3673_a.jpg,Negative_3764_a.jpg
Anchor_3671_a.jpg,Positive_3673_a.jpg,Negative_3725_a.jpg
Anchor_3675_a.jpg,Positive_3676_a.jpg,Negative_3759_a.jpg
Anchor_3675_a.jpg,Positive_3677_a.jpg,Negative_3902_a.jpg
Anchor_3675_a.jpg,Positive_3678_a.jpg,Negative_3639_a.jpg
Anchor_3675_a.jpg,Positive_3679_a.jpg,Negative_3663_a.jpg
Anchor_3675_a.jpg,Positive_3680_a.jpg,Negative_3760_a.jpg
Anchor_3675_a.jpg,Positive_3589_a.jpg,Negative_3728_a.jpg
Anchor_3676_a.jpg,Positive_3677_a.jpg,Negative_3809_a.jpg
Anchor_3676_a.jpg,Positive_3678_a.jpg,Negative_3693_a.jpg
Anchor_3676_a.jpg,Positive_3679_a.jpg,Negative_3672_a.jpg
Anchor_3676_a.jpg,Positive_3680_a.jpg,Negative_3900_a.jpg
Anchor_3676_a.jpg,Positive_3589_a.jpg,Negative_3581_a.jpg
Anchor_3677_a.jpg,Positive_3678_a.jpg,Negative_3657_a.jpg
Anchor_3677_a.jpg,Positive_3679_a.jpg,Negative_3732_a.jpg
Anchor_3677_a.jpg,Positive_3680_a.jpg,Negative_3906_a.jpg
Anchor_3677_a.jpg,Positive_3589_a.jpg,Negative_3674_a.jpg
Anchor_3678_a.jpg,Positive_3679_a.jpg,Negative_3630_a.jpg
Anchor_3678_a.jpg,Positive_3680_a.jpg,Negative_3759_a.jpg
Anchor_3678_a.jpg,Positive_3589_a.jpg,Negative_3686_a.jpg
Anchor_3679_a.jpg,Positive_3680_a.jpg,Negative_3710_a.jpg
Anchor_3679_a.jpg,Positive_3589_a.jpg,Negative_3798_a.jpg
Anchor_3680_a.jpg,Positive_3589_a.jpg,Negative_3817_a.jpg
Anchor_3681_a.jpg,Positive_3682_a.jpg,Negative_3660_a.jpg
Anchor_3681_a.jpg,Positive_3683_a.jpg,Negative_3816_a.jpg
Anchor_3681_a.jpg,Positive_3684_a.jpg,Negative_3812_a.jpg
Anchor_3681_a.jpg,Positive_3685_a.jpg,Negative_3621_a.jpg
Anchor_3681_a.jpg,Positive_3590_a.jpg,Negative_3840_a.jpg
Anchor_3681_a.jpg,Positive_3686_a.jpg,Negative_3749_a.jpg
Anchor_3681_a.jpg,Positive_3687_a.jpg,Negative_3775_a.jpg
Anchor_3681_a.jpg,Positive_3688_a.jpg,Negative_3897_a.jpg
Anchor_3682_a.jpg,Positive_3683_a.jpg,Negative_3906_a.jpg
Anchor_3682_a.jpg,Positive_3684_a.jpg,Negative_3679_a.jpg
Anchor_3682_a.jpg,Positive_3685_a.jpg,Negative_3900_a.jpg
Anchor_3682_a.jpg,Positive_3590_a.jpg,Negative_3636_a.jpg
Anchor_3682_a.jpg,Positive_3686_a.jpg,Negative_3854_a.jpg
Anchor_3682_a.jpg,Positive_3687_a.jpg,Negative_3629_a.jpg
Anchor_3682_a.jpg,Positive_3688_a.jpg,Negative_3839_a.jpg
Anchor_3683_a.jpg,Positive_3684_a.jpg,Negative_3585_a.jpg
Anchor_3683_a.jpg,Positive_3685_a.jpg,Negative_3676_a.jpg
Anchor_3683_a.jpg,Positive_3590_a.jpg,Negative_3780_a.jpg
Anchor_3683_a.jpg,Positive_3686_a.jpg,Negative_3761_a.jpg
Anchor_3683_a.jpg,Positive_3687_a.jpg,Negative_3815_a.jpg
Anchor_3683_a.jpg,Positive_3688_a.jpg,Negative_3660_a.jpg
Anchor_3684_a.jpg,Positive_3685_a.jpg,Negative_3774_a.jpg
Anchor_3684_a.jpg,Positive_3590_a.jpg,Negative_3641_a.jpg
Anchor_3684_a.jpg,Positive_3686_a.jpg,Negative_3841_a.jpg
Anchor_3684_a.jpg,Positive_3687_a.jpg,Negative_3902_a.jpg
Anchor_3684_a.jpg,Positive_3688_a.jpg,Negative_3801_a.jpg
Anchor_3685_a.jpg,Positive_3590_a.jpg,Negative_3667_a.jpg
Anchor_3685_a.jpg,Positive_3686_a.jpg,Negative_3811_a.jpg
Anchor_3685_a.jpg,Positive_3687_a.jpg,Negative_3639_a.jpg
Anchor_3685_a.jpg,Positive_3688_a.jpg,Negative_3674_a.jpg
Anchor_3590_a.jpg,Positive_3686_a.jpg,Negative_3718_a.jpg
Anchor_3590_a.jpg,Positive_3687_a.jpg,Negative_3800_a.jpg
Anchor_3590_a.jpg,Positive_3688_a.jpg,Negative_3676_a.jpg
Anchor_3686_a.jpg,Positive_3687_a.jpg,Negative_3641_a.jpg
Anchor_3686_a.jpg,Positive_3688_a.jpg,Negative_3659_a.jpg
Anchor_3687_a.jpg,Positive_3688_a.jpg,Negative_3793_a.jpg
Anchor_3689_a.jpg,Positive_3690_a.jpg,Negative_3764_a.jpg
Anchor_3689_a.jpg,Positive_3691_a.jpg,Negative_3613_a.jpg
Anchor_3689_a.jpg,Positive_3692_a.jpg,Negative_3909_a.jpg
Anchor_3689_a.jpg,Positive_3771_a.jpg,Negative_3698_a.jpg
Anchor_3689_a.jpg,Positive_3772_a.jpg,Negative_3768_a.jpg
Anchor_3689_a.jpg,Positive_3773_a.jpg,Negative_3618_a.jpg
Anchor_3689_a.jpg,Positive_3774_a.jpg,Negative_3605_a.jpg
Anchor_3689_a.jpg,Positive_3609_a.jpg,Negative_3614_a.jpg
Anchor_3690_a.jpg,Positive_3691_a.jpg,Negative_3899_a.jpg
Anchor_3690_a.jpg,Positive_3692_a.jpg,Negative_3904_a.jpg
Anchor_3690_a.jpg,Positive_3771_a.jpg,Negative_3802_a.jpg
Anchor_3690_a.jpg,Positive_3772_a.jpg,Negative_3668_a.jpg
Anchor_3690_a.jpg,Positive_3773_a.jpg,Negative_3657_a.jpg
Anchor_3690_a.jpg,Positive_3774_a.jpg,Negative_3883_a.jpg
Anchor_3690_a.jpg,Positive_3609_a.jpg,Negative_3842_a.jpg
Anchor_3691_a.jpg,Positive_3692_a.jpg,Negative_3714_a.jpg
Anchor_3691_a.jpg,Positive_3771_a.jpg,Negative_3860_a.jpg
Anchor_3691_a.jpg,Positive_3772_a.jpg,Negative_3688_a.jpg
Anchor_3691_a.jpg,Positive_3773_a.jpg,Negative_3663_a.jpg
Anchor_3691_a.jpg,Positive_3774_a.jpg,Negative_3898_a.jpg
Anchor_3691_a.jpg,Positive_3609_a.jpg,Negative_3808_a.jpg
Anchor_3692_a.jpg,Positive_3771_a.jpg,Negative_3840_a.jpg
Anchor_3692_a.jpg,Positive_3772_a.jpg,Negative_3757_a.jpg
Anchor_3692_a.jpg,Positive_3773_a.jpg,Negative_3585_a.jpg
Anchor_3692_a.jpg,Positive_3774_a.jpg,Negative_3674_a.jpg
Anchor_3692_a.jpg,Positive_3609_a.jpg,Negative_3695_a.jpg
Anchor_3771_a.jpg,Positive_3772_a.jpg,Negative_3812_a.jpg
Anchor_3771_a.jpg,Positive_3773_a.jpg,Negative_3748_a.jpg
Anchor_3771_a.jpg,Positive_3774_a.jpg,Negative_3631_a.jpg
Anchor_3771_a.jpg,Positive_3609_a.jpg,Negative_3838_a.jpg
Anchor_3772_a.jpg,Positive_3773_a.jpg,Negative_3697_a.jpg
Anchor_3772_a.jpg,Positive_3774_a.jpg,Negative_3646_a.jpg
Anchor_3772_a.jpg,Positive_3609_a.jpg,Negative_3902_a.jpg
Anchor_3773_a.jpg,Positive_3774_a.jpg,Negative_3660_a.jpg
Anchor_3773_a.jpg,Positive_3609_a.jpg,Negative_3859_a.jpg
Anchor_3774_a.jpg,Positive_3609_a.jpg,Negative_3779_a.jpg
Anchor_3693_a.jpg,Positive_3694_a.jpg,Negative_3677_a.jpg
Anchor_3693_a.jpg,Positive_3695_a.jpg,Negative_3665_a.jpg
Anchor_3693_a.jpg,Positive_3696_a.jpg,Negative_3780_a.jpg
Anchor_3693_a.jpg,Positive_3697_a.jpg,Negative_3711_a.jpg
Anchor_3694_a.jpg,Positive_3695_a.jpg,Negative_3621_a.jpg
Anchor_3694_a.jpg,Positive_3696_a.jpg,Negative_3744_a.jpg
Anchor_3694_a.jpg,Positive_3697_a.jpg,Negative_3581_a.jpg
Anchor_3695_a.jpg,Positive_3696_a.jpg,Negative_3684_a.jpg
Anchor_3695_a.jpg,Positive_3697_a.jpg,Negative_3630_a.jpg
Anchor_3696_a.jpg,Positive_3697_a.jpg,Negative_3885_a.jpg
Anchor_3708_a.jpg,Positive_3709_a.jpg,Negative_3666_a.jpg
Anchor_3708_a.jpg,Positive_3775_a.jpg,Negative_3763_a.jpg
Anchor_3708_a.jpg,Positive_3776_a.jpg,Negative_3764_a.jpg
Anchor_3708_a.jpg,Positive_3777_a.jpg,Negative_3907_a.jpg
Anchor_3708_a.jpg,Positive_3778_a.jpg,Negative_3604_a.jpg
Anchor_3708_a.jpg,Positive_3779_a.jpg,Negative_3688_a.jpg
Anchor_3708_a.jpg,Positive_3780_a.jpg,Negative_3583_a.jpg
Anchor_3709_a.jpg,Positive_3775_a.jpg,Negative_3676_a.jpg
Anchor_3709_a.jpg,Positive_3776_a.jpg,Negative_3854_a.jpg
Anchor_3709_a.jpg,Positive_3777_a.jpg,Negative_3764_a.jpg
Anchor_3709_a.jpg,Positive_3778_a.jpg,Negative_3604_a.jpg
Anchor_3709_a.jpg,Positive_3779_a.jpg,Negative_3758_a.jpg
Anchor_3709_a.jpg,Positive_3780_a.jpg,Negative_3642_a.jpg
Anchor_3775_a.jpg,Positive_3776_a.jpg,Negative_3590_a.jpg
Anchor_3775_a.jpg,Positive_3777_a.jpg,Negative_3761_a.jpg
Anchor_3775_a.jpg,Positive_3778_a.jpg,Negative_3750_a.jpg
Anchor_3775_a.jpg,Positive_3779_a.jpg,Negative_3696_a.jpg
Anchor_3775_a.jpg,Positive_3780_a.jpg,Negative_3884_a.jpg
Anchor_3776_a.jpg,Positive_3777_a.jpg,Negative_3631_a.jpg
Anchor_3776_a.jpg,Positive_3778_a.jpg,Negative_3675_a.jpg
Anchor_3776_a.jpg,Positive_3779_a.jpg,Negative_3590_a.jpg
Anchor_3776_a.jpg,Positive_3780_a.jpg,Negative_3801_a.jpg
Anchor_3777_a.jpg,Positive_3778_a.jpg,Negative_3688_a.jpg
Anchor_3777_a.jpg,Positive_3779_a.jpg,Negative_3882_a.jpg
Anchor_3777_a.jpg,Positive_3780_a.jpg,Negative_3613_a.jpg
Anchor_3778_a.jpg,Positive_3779_a.jpg,Negative_3715_a.jpg
Anchor_3778_a.jpg,Positive_3780_a.jpg,Negative_3661_a.jpg
Anchor_3779_a.jpg,Positive_3780_a.jpg,Negative_3677_a.jpg
Anchor_3710_a.jpg,Positive_3711_a.jpg,Negative_3784_a.jpg
Anchor_3710_a.jpg,Positive_3712_a.jpg,Negative_3760_a.jpg
Anchor_3710_a.jpg,Positive_3713_a.jpg,Negative_3773_a.jpg
Anchor_3710_a.jpg,Positive_3714_a.jpg,Negative_3684_a.jpg
Anchor_3710_a.jpg,Positive_3715_a.jpg,Negative_3678_a.jpg
Anchor_3710_a.jpg,Positive_3716_a.jpg,Negative_3804_a.jpg
Anchor_3710_a.jpg,Positive_3717_a.jpg,Negative_3667_a.jpg
Anchor_3710_a.jpg,Positive_3583_a.jpg,Negative_3746_a.jpg
Anchor_3710_a.jpg,Positive_3612_a.jpg,Negative_3836_a.jpg
Anchor_3710_a.jpg,Positive_3718_a.jpg,Negative_3769_a.jpg
Anchor_3710_a.jpg,Positive_3719_a.jpg,Negative_3659_a.jpg
Anchor_3711_a.jpg,Positive_3712_a.jpg,Negative_3900_a.jpg
Anchor_3711_a.jpg,Positive_3713_a.jpg,Negative_3799_a.jpg
Anchor_3711_a.jpg,Positive_3714_a.jpg,Negative_3883_a.jpg
Anchor_3711_a.jpg,Positive_3715_a.jpg,Negative_3604_a.jpg
Anchor_3711_a.jpg,Positive_3716_a.jpg,Negative_3788_a.jpg
Anchor_3711_a.jpg,Positive_3717_a.jpg,Negative_3644_a.jpg
Anchor_3711_a.jpg,Positive_3583_a.jpg,Negative_3802_a.jpg
Anchor_3711_a.jpg,Positive_3612_a.jpg,Negative_3755_a.jpg
Anchor_3711_a.jpg,Positive_3718_a.jpg,Negative_3775_a.jpg
Anchor_3711_a.jpg,Positive_3719_a.jpg,Negative_3789_a.jpg
Anchor_3712_a.jpg,Positive_3713_a.jpg,Negative_3910_a.jpg
Anchor_3712_a.jpg,Positive_3714_a.jpg,Negative_3795_a.jpg
Anchor_3712_a.jpg,Positive_3715_a.jpg,Negative_3681_a.jpg
Anchor_3712_a.jpg,Positive_3716_a.jpg,Negative_3642_a.jpg
Anchor_3712_a.jpg,Positive_3717_a.jpg,Negative_3813_a.jpg
Anchor_3712_a.jpg,Positive_3583_a.jpg,Negative_3666_a.jpg
Anchor_3712_a.jpg,Positive_3612_a.jpg,Negative_3813_a.jpg
Anchor_3712_a.jpg,Positive_3718_a.jpg,Negative_3663_a.jpg
Anchor_3712_a.jpg,Positive_3719_a.jpg,Negative_3759_a.jpg
Anchor_3713_a.jpg,Positive_3714_a.jpg,Negative_3907_a.jpg
Anchor_3713_a.jpg,Positive_3715_a.jpg,Negative_3856_a.jpg
Anchor_3713_a.jpg,Positive_3716_a.jpg,Negative_3667_a.jpg
Anchor_3713_a.jpg,Positive_3717_a.jpg,Negative_3667_a.jpg
Anchor_3713_a.jpg,Positive_3583_a.jpg,Negative_3673_a.jpg
Anchor_3713_a.jpg,Positive_3612_a.jpg,Negative_3686_a.jpg
Anchor_3713_a.jpg,Positive_3718_a.jpg,Negative_3814_a.jpg
Anchor_3713_a.jpg,Positive_3719_a.jpg,Negative_3623_a.jpg
Anchor_3714_a.jpg,Positive_3715_a.jpg,Negative_3745_a.jpg
Anchor_3714_a.jpg,Positive_3716_a.jpg,Negative_3812_a.jpg
Anchor_3714_a.jpg,Positive_3717_a.jpg,Negative_3727_a.jpg
Anchor_3714_a.jpg,Positive_3583_a.jpg,Negative_3745_a.jpg
Anchor_3714_a.jpg,Positive_3612_a.jpg,Negative_3619_a.jpg
Anchor_3714_a.jpg,Positive_3718_a.jpg,Negative_3788_a.jpg
Anchor_3714_a.jpg,Positive_3719_a.jpg,Negative_3585_a.jpg
Anchor_3715_a.jpg,Positive_3716_a.jpg,Negative_3894_a.jpg
Anchor_3715_a.jpg,Positive_3717_a.jpg,Negative_3840_a.jpg
Anchor_3715_a.jpg,Positive_3583_a.jpg,Negative_3800_a.jpg
Anchor_3715_a.jpg,Positive_3612_a.jpg,Negative_3672_a.jpg
Anchor_3715_a.jpg,Positive_3718_a.jpg,Negative_3673_a.jpg
Anchor_3715_a.jpg,Positive_3719_a.jpg,Negative_3839_a.jpg
Anchor_3716_a.jpg,Positive_3717_a.jpg,Negative_3835_a.jpg
Anchor_3716_a.jpg,Positive_3583_a.jpg,Negative_3659_a.jpg
Anchor_3716_a.jpg,Positive_3612_a.jpg,Negative_3808_a.jpg
Anchor_3716_a.jpg,Positive_3718_a.jpg,Negative_3794_a.jpg
Anchor_3716_a.jpg,Positive_3719_a.jpg,Negative_3725_a.jpg
Anchor_3717_a.jpg,Positive_3583_a.jpg,Negative_3797_a.jpg
Anchor_3717_a.jpg,Positive_3612_a.jpg,Negative_3639_a.jpg
Anchor_3717_a.jpg,Positive_3718_a.jpg,Negative_3638_a.jpg
Anchor_3717_a.jpg,Positive_3719_a.jpg,Negative_3618_a.jpg
Anchor_3583_a.jpg,Positive_3612_a.jpg,Negative_3816_a.jpg
Anchor_3583_a.jpg,Positive_3718_a.jpg,Negative_3755_a.jpg
Anchor_3583_a.jpg,Positive_3719_a.jpg,Negative_3628_a.jpg
Anchor_3612_a.jpg,Positive_3718_a.jpg,Negative_3663_a.jpg
Anchor_3612_a.jpg,Positive_3719_a.jpg,Negative_3860_a.jpg
Anchor_3718_a.jpg,Positive_3719_a.jpg,Negative_3835_a.jpg
Anchor_3731_a.jpg,Positive_3732_a.jpg,Negative_3902_a.jpg
Anchor_3731_a.jpg,Positive_3604_a.jpg,Negative_3686_a.jpg
Anchor_3732_a.jpg,Positive_3604_a.jpg,Negative_3855_a.jpg
Anchor_3623_a.jpg,Positive_3743_a.jpg,Negative_3812_a.jpg
Anchor_3623_a.jpg,Positive_3744_a.jpg,Negative_3801_a.jpg
Anchor_3623_a.jpg,Positive_3745_a.jpg,Negative_3888_a.jpg
Anchor_3623_a.jpg,Positive_3746_a.jpg,Negative_3690_a.jpg
Anchor_3623_a.jpg,Positive_3748_a.jpg,Negative_3613_a.jpg
Anchor_3623_a.jpg,Positive_3749_a.jpg,Negative_3613_a.jpg
Anchor_3623_a.jpg,Positive_3750_a.jpg,Negative_3726_a.jpg
Anchor_3623_a.jpg,Positive_3813_a.jpg,Negative_3885_a.jpg
Anchor_3623_a.jpg,Positive_3814_a.jpg,Negative_3673_a.jpg
Anchor_3623_a.jpg,Positive_3815_a.jpg,Negative_3650_a.jpg
Anchor_3623_a.jpg,Positive_3816_a.jpg,Negative_3854_a.jpg
Anchor_3623_a.jpg,Positive_3817_a.jpg,Negative_3841_a.jpg
Anchor_3623_a.jpg,Positive_3818_a.jpg,Negative_3762_a.jpg
Anchor_3743_a.jpg,Positive_3744_a.jpg,Negative_3710_a.jpg
Anchor_3743_a.jpg,Positive_3745_a.jpg,Negative_3636_a.jpg
Anchor_3743_a.jpg,Positive_3746_a.jpg,Negative_3689_a.jpg
Anchor_3743_a.jpg,Positive_3748_a.jpg,Negative_3674_a.jpg
Anchor_3743_a.jpg,Positive_3749_a.jpg,Negative_3798_a.jpg
Anchor_3743_a.jpg,Positive_3750_a.jpg,Negative_3698_a.jpg
Anchor_3743_a.jpg,Positive_3813_a.jpg,Negative_3895_a.jpg
Anchor_3743_a.jpg,Positive_3814_a.jpg,Negative_3764_a.jpg
Anchor_3743_a.jpg,Positive_3815_a.jpg,Negative_3657_a.jpg
Anchor_3743_a.jpg,Positive_3816_a.jpg,Negative_3690_a.jpg
Anchor_3743_a.jpg,Positive_3817_a.jpg,Negative_3906_a.jpg
Anchor_3743_a.jpg,Positive_3818_a.jpg,Negative_3681_a.jpg
Anchor_3744_a.jpg,Positive_3745_a.jpg,Negative_3717_a.jpg
Anchor_3744_a.jpg,Positive_3746_a.jpg,Negative_3583_a.jpg
Anchor_3744_a.jpg,Positive_3748_a.jpg,Negative_3763_a.jpg
Anchor_3744_a.jpg,Positive_3749_a.jpg,Negative_3710_a.jpg
Anchor_3744_a.jpg,Positive_3750_a.jpg,Negative_3775_a.jpg
Anchor_3744_a.jpg,Positive_3813_a.jpg,Negative_3902_a.jpg
Anchor_3744_a.jpg,Positive_3814_a.jpg,Negative_3659_a.jpg
Anchor_3744_a.jpg,Positive_3815_a.jpg,Negative_3671_a.jpg
Anchor_3744_a.jpg,Positive_3816_a.jpg,Negative_3646_a.jpg
Anchor_3744_a.jpg,Positive_3817_a.jpg,Negative_3758_a.jpg
Anchor_3744_a.jpg,Positive_3818_a.jpg,Negative_3785_a.jpg
Anchor_3745_a.jpg,Positive_3746_a.jpg,Negative_3663_a.jpg
Anchor_3745_a.jpg,Positive_3748_a.jpg,Negative_3897_a.jpg
Anchor_3745_a.jpg,Positive_3749_a.jpg,Negative_3838_a.jpg
Anchor_3745_a.jpg,Positive_3750_a.jpg,Negative_3897_a.jpg
Anchor_3745_a.jpg,Positive_3813_a.jpg,Negative_3841_a.jpg
Anchor_3745_a.jpg,Positive_3814_a.jpg,Negative_3733_a.jpg
Anchor_3745_a.jpg,Positive_3815_a.jpg,Negative_3882_a.jpg
Anchor_3745_a.jpg,Positive_3816_a.jpg,Negative_3894_a.jpg
Anchor_3745_a.jpg,Positive_3817_a.jpg,Negative_3719_a.jpg
Anchor_3745_a.jpg,Positive_3818_a.jpg,Negative_3805_a.jpg
Anchor_3746_a.jpg,Positive_3748_a.jpg,Negative_3861_a.jpg
Anchor_3746_a.jpg,Positive_3749_a.jpg,Negative_3906_a.jpg
Anchor_3746_a.jpg,Positive_3750_a.jpg,Negative_3906_a.jpg
Anchor_3746_a.jpg,Positive_3813_a.jpg,Negative_3906_a.jpg
Anchor_3746_a.jpg,Positive_3814_a.jpg,Negative_3806_a.jpg
Anchor_3746_a.jpg,Positive_3815_a.jpg,Negative_3903_a.jpg
Anchor_3746_a.jpg,Positive_3816_a.jpg,Negative_3638_a.jpg
Anchor_3746_a.jpg,Positive_3817_a.jpg,Negative_3796_a.jpg
Anchor_3746_a.jpg,Positive_3818_a.jpg,Negative_3637_a.jpg
Anchor_3748_a.jpg,Positive_3749_a.jpg,Negative_3757_a.jpg
Anchor_3748_a.jpg,Positive_3750_a.jpg,Negative_3766_a.jpg
Anchor_3748_a.jpg,Positive_3813_a.jpg,Negative_3646_a.jpg
Anchor_3748_a.jpg,Positive_3814_a.jpg,Negative_3654_a.jpg
Anchor_3748_a.jpg,Positive_3815_a.jpg,Negative_3762_a.jpg
Anchor_3748_a.jpg,Positive_3816_a.jpg,Negative_3691_a.jpg
Anchor_3748_a.jpg,Positive_3817_a.jpg,Negative_3888_a.jpg
Anchor_3748_a.jpg,Positive_3818_a.jpg,Negative_3803_a.jpg
Anchor_3749_a.jpg,Positive_3750_a.jpg,Negative_3638_a.jpg
Anchor_3749_a.jpg,Positive_3813_a.jpg,Negative_3682_a.jpg
Anchor_3749_a.jpg,Positive_3814_a.jpg,Negative_3793_a.jpg
Anchor_3749_a.jpg,Positive_3815_a.jpg,Negative_3840_a.jpg
Anchor_3749_a.jpg,Positive_3816_a.jpg,Negative_3585_a.jpg
Anchor_3749_a.jpg,Positive_3817_a.jpg,Negative_3808_a.jpg
Anchor_3749_a.jpg,Positive_3818_a.jpg,Negative_3773_a.jpg
Anchor_3750_a.jpg,Positive_3813_a.jpg,Negative_3856_a.jpg
Anchor_3750_a.jpg,Positive_3814_a.jpg,Negative_3797_a.jpg
Anchor_3750_a.jpg,Positive_3815_a.jpg,Negative_3838_a.jpg
Anchor_3750_a.jpg,Positive_3816_a.jpg,Negative_3785_a.jpg
Anchor_3750_a.jpg,Positive_3817_a.jpg,Negative_3900_a.jpg
Anchor_3750_a.jpg,Positive_3818_a.jpg,Negative_3648_a.jpg
Anchor_3813_a.jpg,Positive_3814_a.jpg,Negative_3766_a.jpg
Anchor_3813_a.jpg,Positive_3815_a.jpg,Negative_3594_a.jpg
Anchor_3813_a.jpg,Positive_3816_a.jpg,Negative_3633_a.jpg
Anchor_3813_a.jpg,Positive_3817_a.jpg,Negative_3695_a.jpg
Anchor_3813_a.jpg,Positive_3818_a.jpg,Negative_3788_a.jpg
Anchor_3814_a.jpg,Positive_3815_a.jpg,Negative_3901_a.jpg
Anchor_3814_a.jpg,Positive_3816_a.jpg,Negative_3710_a.jpg
Anchor_3814_a.jpg,Positive_3817_a.jpg,Negative_3858_a.jpg
Anchor_3814_a.jpg,Positive_3818_a.jpg,Negative_3789_a.jpg
Anchor_3815_a.jpg,Positive_3816_a.jpg,Negative_3684_a.jpg
Anchor_3815_a.jpg,Positive_3817_a.jpg,Negative_3666_a.jpg
Anchor_3815_a.jpg,Positive_3818_a.jpg,Negative_3681_a.jpg
Anchor_3816_a.jpg,Positive_3817_a.jpg,Negative_3687_a.jpg
Anchor_3816_a.jpg,Positive_3818_a.jpg,Negative_3649_a.jpg
Anchor_3817_a.jpg,Positive_3818_a.jpg,Negative_3855_a.jpg
Anchor_3755_a.jpg,Positive_3756_a.jpg,Negative_3774_a.jpg
Anchor_3755_a.jpg,Positive_3757_a.jpg,Negative_3749_a.jpg
Anchor_3755_a.jpg,Positive_3758_a.jpg,Negative_3614_a.jpg
Anchor_3755_a.jpg,Positive_3621_a.jpg,Negative_3662_a.jpg
Anchor_3755_a.jpg,Positive_3759_a.jpg,Negative_3634_a.jpg
Anchor_3755_a.jpg,Positive_3760_a.jpg,Negative_3882_a.jpg
Anchor_3755_a.jpg,Positive_3761_a.jpg,Negative_3633_a.jpg
Anchor_3755_a.jpg,Positive_3762_a.jpg,Negative_3766_a.jpg
Anchor_3755_a.jpg,Positive_3763_a.jpg,Negative_3775_a.jpg
Anchor_3755_a.jpg,Positive_3764_a.jpg,Negative_3648_a.jpg
Anchor_3756_a.jpg,Positive_3757_a.jpg,Negative_3627_a.jpg
Anchor_3756_a.jpg,Positive_3758_a.jpg,Negative_3807_a.jpg
Anchor_3756_a.jpg,Positive_3621_a.jpg,Negative_3664_a.jpg
Anchor_3756_a.jpg,Positive_3759_a.jpg,Negative_3585_a.jpg
Anchor_3756_a.jpg,Positive_3760_a.jpg,Negative_3682_a.jpg
Anchor_3756_a.jpg,Positive_3761_a.jpg,Negative_3842_a.jpg
Anchor_3756_a.jpg,Positive_3762_a.jpg,Negative_3841_a.jpg
Anchor_3756_a.jpg,Positive_3763_a.jpg,Negative_3807_a.jpg
Anchor_3756_a.jpg,Positive_3764_a.jpg,Negative_3818_a.jpg
Anchor_3757_a.jpg,Positive_3758_a.jpg,Negative_3838_a.jpg
Anchor_3757_a.jpg,Positive_3621_a.jpg,Negative_3689_a.jpg
Anchor_3757_a.jpg,Positive_3759_a.jpg,Negative_3902_a.jpg
Anchor_3757_a.jpg,Positive_3760_a.jpg,Negative_3809_a.jpg
Anchor_3757_a.jpg,Positive_3761_a.jpg,Negative_3635_a.jpg
Anchor_3757_a.jpg,Positive_3762_a.jpg,Negative_3887_a.jpg
Anchor_3757_a.jpg,Positive_3763_a.jpg,Negative_3811_a.jpg
Anchor_3757_a.jpg,Positive_3764_a.jpg,Negative_3748_a.jpg
Anchor_3758_a.jpg,Positive_3621_a.jpg,Negative_3777_a.jpg
Anchor_3758_a.jpg,Positive_3759_a.jpg,Negative_3675_a.jpg
Anchor_3758_a.jpg,Positive_3760_a.jpg,Negative_3662_a.jpg
Anchor_3758_a.jpg,Positive_3761_a.jpg,Negative_3630_a.jpg
Anchor_3758_a.jpg,Positive_3762_a.jpg,Negative_3881_a.jpg
Anchor_3758_a.jpg,Positive_3763_a.jpg,Negative_3861_a.jpg
Anchor_3758_a.jpg,Positive_3764_a.jpg,Negative_3589_a.jpg
Anchor_3621_a.jpg,Positive_3759_a.jpg,Negative_3678_a.jpg
Anchor_3621_a.jpg,Positive_3760_a.jpg,Negative_3908_a.jpg
Anchor_3621_a.jpg,Positive_3761_a.jpg,Negative_3895_a.jpg
Anchor_3621_a.jpg,Positive_3762_a.jpg,Negative_3658_a.jpg
Anchor_3621_a.jpg,Positive_3763_a.jpg,Negative_3772_a.jpg
Anchor_3621_a.jpg,Positive_3764_a.jpg,Negative_3771_a.jpg
Anchor_3759_a.jpg,Positive_3760_a.jpg,Negative_3614_a.jpg
Anchor_3759_a.jpg,Positive_3761_a.jpg,Negative_3629_a.jpg
Anchor_3759_a.jpg,Positive_3762_a.jpg,Negative_3816_a.jpg
Anchor_3759_a.jpg,Positive_3763_a.jpg,Negative_3773_a.jpg
Anchor_3759_a.jpg,Positive_3764_a.jpg,Negative_3654_a.jpg
Anchor_3760_a.jpg,Positive_3761_a.jpg,Negative_3769_a.jpg
Anchor_3760_a.jpg,Positive_3762_a.jpg,Negative_3665_a.jpg
Anchor_3760_a.jpg,Positive_3763_a.jpg,Negative_3725_a.jpg
Anchor_3760_a.jpg,Positive_3764_a.jpg,Negative_3680_a.jpg
Anchor_3761_a.jpg,Positive_3762_a.jpg,Negative_3651_a.jpg
Anchor_3761_a.jpg,Positive_3763_a.jpg,Negative_3612_a.jpg
Anchor_3761_a.jpg,Positive_3764_a.jpg,Negative_3635_a.jpg
Anchor_3762_a.jpg,Positive_3763_a.jpg,Negative_3889_a.jpg
Anchor_3762_a.jpg,Positive_3764_a.jpg,Negative_3886_a.jpg
Anchor_3763_a.jpg,Positive_3764_a.jpg,Negative_3800_a.jpg
Anchor_3765_a.jpg,Positive_3766_a.jpg,Negative_3629_a.jpg
Anchor_3786_a.jpg,Positive_3787_a.jpg,Negative_3641_a.jpg
Anchor_3788_a.jpg,Positive_3789_a.jpg,Negative_3677_a.jpg
Anchor_3788_a.jpg,Positive_3790_a.jpg,Negative_3839_a.jpg
Anchor_3788_a.jpg,Positive_3791_a.jpg,Negative_3669_a.jpg
Anchor_3788_a.jpg,Positive_3792_a.jpg,Negative_3838_a.jpg
Anchor_3788_a.jpg,Positive_3793_a.jpg,Negative_3585_a.jpg
Anchor_3788_a.jpg,Positive_3794_a.jpg,Negative_3586_a.jpg
Anchor_3789_a.jpg,Positive_3790_a.jpg,Negative_3888_a.jpg
Anchor_3789_a.jpg,Positive_3791_a.jpg,Negative_3926_a.jpg
Anchor_3789_a.jpg,Positive_3792_a.jpg,Negative_3767_a.jpg
Anchor_3789_a.jpg,Positive_3793_a.jpg,Negative_3627_a.jpg
Anchor_3789_a.jpg,Positive_3794_a.jpg,Negative_3911_a.jpg
Anchor_3790_a.jpg,Positive_3791_a.jpg,Negative_3651_a.jpg
Anchor_3790_a.jpg,Positive_3792_a.jpg,Negative_3802_a.jpg
Anchor_3790_a.jpg,Positive_3793_a.jpg,Negative_3662_a.jpg
Anchor_3790_a.jpg,Positive_3794_a.jpg,Negative_3861_a.jpg
Anchor_3791_a.jpg,Positive_3792_a.jpg,Negative_3758_a.jpg
Anchor_3791_a.jpg,Positive_3793_a.jpg,Negative_3686_a.jpg
Anchor_3791_a.jpg,Positive_3794_a.jpg,Negative_3619_a.jpg
Anchor_3792_a.jpg,Positive_3793_a.jpg,Negative_3836_a.jpg
Anchor_3792_a.jpg,Positive_3794_a.jpg,Negative_3841_a.jpg
Anchor_3793_a.jpg,Positive_3794_a.jpg,Negative_3884_a.jpg
Anchor_3795_a.jpg,Positive_3796_a.jpg,Negative_3838_a.jpg
Anchor_3795_a.jpg,Positive_3797_a.jpg,Negative_3711_a.jpg
Anchor_3795_a.jpg,Positive_3614_a.jpg,Negative_3779_a.jpg
Anchor_3795_a.jpg,Positive_3798_a.jpg,Negative_3775_a.jpg
Anchor_3795_a.jpg,Positive_3799_a.jpg,Negative_3677_a.jpg
Anchor_3795_a.jpg,Positive_3800_a.jpg,Negative_3677_a.jpg
Anchor_3795_a.jpg,Positive_3801_a.jpg,Negative_3749_a.jpg
Anchor_3795_a.jpg,Positive_3802_a.jpg,Negative_3855_a.jpg
Anchor_3795_a.jpg,Positive_3803_a.jpg,Negative_3763_a.jpg
Anchor_3795_a.jpg,Positive_3804_a.jpg,Negative_3669_a.jpg
Anchor_3795_a.jpg,Positive_3805_a.jpg,Negative_3678_a.jpg
Anchor_3795_a.jpg,Positive_3806_a.jpg,Negative_3660_a.jpg
Anchor_3795_a.jpg,Positive_3807_a.jpg,Negative_3605_a.jpg
Anchor_3795_a.jpg,Positive_3808_a.jpg,Negative_3647_a.jpg
Anchor_3796_a.jpg,Positive_3797_a.jpg,Negative_3731_a.jpg
Anchor_3796_a.jpg,Positive_3614_a.jpg,Negative_3762_a.jpg
Anchor_3796_a.jpg,Positive_3798_a.jpg,Negative_3641_a.jpg
Anchor_3796_a.jpg,Positive_3799_a.jpg,Negative_3590_a.jpg
Anchor_3796_a.jpg,Positive_3800_a.jpg,Negative_3612_a.jpg
Anchor_3796_a.jpg,Positive_3801_a.jpg,Negative_3716_a.jpg
Anchor_3796_a.jpg,Positive_3802_a.jpg,Negative_3690_a.jpg
Anchor_3796_a.jpg,Positive_3803_a.jpg,Negative_3896_a.jpg
Anchor_3796_a.jpg,Positive_3804_a.jpg,Negative_3774_a.jpg
Anchor_3796_a.jpg,Positive_3805_a.jpg,Negative_3793_a.jpg
Anchor_3796_a.jpg,Positive_3806_a.jpg,Negative_3838_a.jpg
Anchor_3796_a.jpg,Positive_3807_a.jpg,Negative_3898_a.jpg
Anchor_3796_a.jpg,Positive_3808_a.jpg,Negative_3613_a.jpg
Anchor_3797_a.jpg,Positive_3614_a.jpg,Negative_3889_a.jpg
Anchor_3797_a.jpg,Positive_3798_a.jpg,Negative_3633_a.jpg
Anchor_3797_a.jpg,Positive_3799_a.jpg,Negative_3715_a.jpg
Anchor_3797_a.jpg,Positive_3800_a.jpg,Negative_3665_a.jpg
Anchor_3797_a.jpg,Positive_3801_a.jpg,Negative_3595_a.jpg
Anchor_3797_a.jpg,Positive_3802_a.jpg,Negative_3789_a.jpg
Anchor_3797_a.jpg,Positive_3803_a.jpg,Negative_3609_a.jpg
Anchor_3797_a.jpg,Positive_3804_a.jpg,Negative_3654_a.jpg
Anchor_3797_a.jpg,Positive_3805_a.jpg,Negative_3692_a.jpg
Anchor_3797_a.jpg,Positive_3806_a.jpg,Negative_3883_a.jpg
Anchor_3797_a.jpg,Positive_3807_a.jpg,Negative_3715_a.jpg
Anchor_3797_a.jpg,Positive_3808_a.jpg,Negative_3621_a.jpg
Anchor_3614_a.jpg,Positive_3798_a.jpg,Negative_3759_a.jpg
Anchor_3614_a.jpg,Positive_3799_a.jpg,Negative_3779_a.jpg
Anchor_3614_a.jpg,Positive_3800_a.jpg,Negative_3759_a.jpg
Anchor_3614_a.jpg,Positive_3801_a.jpg,Negative_3903_a.jpg
Anchor_3614_a.jpg,Positive_3802_a.jpg,Negative_3775_a.jpg
Anchor_3614_a.jpg,Positive_3803_a.jpg,Negative_3605_a.jpg
Anchor_3614_a.jpg,Positive_3804_a.jpg,Negative_3645_a.jpg
Anchor_3614_a.jpg,Positive_3805_a.jpg,Negative_3750_a.jpg
Anchor_3614_a.jpg,Positive_3806_a.jpg,Negative_3840_a.jpg
Anchor_3614_a.jpg,Positive_3807_a.jpg,Negative_3618_a.jpg
Anchor_3614_a.jpg,Positive_3808_a.jpg,Negative_3836_a.jpg
Anchor_3798_a.jpg,Positive_3799_a.jpg,Negative_3905_a.jpg
Anchor_3798_a.jpg,Positive_3800_a.jpg,Negative_3647_a.jpg
Anchor_3798_a.jpg,Positive_3801_a.jpg,Negative_3644_a.jpg
Anchor_3798_a.jpg,Positive_3802_a.jpg,Negative_3699_a.jpg
Anchor_3798_a.jpg,Positive_3803_a.jpg,Negative_3586_a.jpg
Anchor_3798_a.jpg,Positive_3804_a.jpg,Negative_3768_a.jpg
Anchor_3798_a.jpg,Positive_3805_a.jpg,Negative_3662_a.jpg
Anchor_3798_a.jpg,Positive_3806_a.jpg,Negative_3730_a.jpg
Anchor_3798_a.jpg,Positive_3807_a.jpg,Negative_3680_a.jpg
Anchor_3798_a.jpg,Positive_3808_a.jpg,Negative_3724_a.jpg
Anchor_3799_a.jpg,Positive_3800_a.jpg,Negative_3856_a.jpg
Anchor_3799_a.jpg,Positive_3801_a.jpg,Negative_3671_a.jpg
Anchor_3799_a.jpg,Positive_3802_a.jpg,Negative_3855_a.jpg
Anchor_3799_a.jpg,Positive_3803_a.jpg,Negative_3768_a.jpg
Anchor_3799_a.jpg,Positive_3804_a.jpg,Negative_3788_a.jpg
Anchor_3799_a.jpg,Positive_3805_a.jpg,Negative_3657_a.jpg
Anchor_3799_a.jpg,Positive_3806_a.jpg,Negative_3815_a.jpg
Anchor_3799_a.jpg,Positive_3807_a.jpg,Negative_3632_a.jpg
Anchor_3799_a.jpg,Positive_3808_a.jpg,Negative_3612_a.jpg
Anchor_3800_a.jpg,Positive_3801_a.jpg,Negative_3792_a.jpg
Anchor_3800_a.jpg,Positive_3802_a.jpg,Negative_3672_a.jpg
Anchor_3800_a.jpg,Positive_3803_a.jpg,Negative_3814_a.jpg
Anchor_3800_a.jpg,Positive_3804_a.jpg,Negative_3633_a.jpg
Anchor_3800_a.jpg,Positive_3805_a.jpg,Negative_3899_a.jpg
Anchor_3800_a.jpg,Positive_3806_a.jpg,Negative_3897_a.jpg
Anchor_3800_a.jpg,Positive_3807_a.jpg,Negative_3717_a.jpg
Anchor_3800_a.jpg,Positive_3808_a.jpg,Negative_3839_a.jpg
Anchor_3801_a.jpg,Positive_3802_a.jpg,Negative_3815_a.jpg
Anchor_3801_a.jpg,Positive_3803_a.jpg,Negative_3711_a.jpg
Anchor_3801_a.jpg,Positive_3804_a.jpg,Negative_3665_a.jpg
Anchor_3801_a.jpg,Positive_3805_a.jpg,Negative_3660_a.jpg
Anchor_3801_a.jpg,Positive_3806_a.jpg,Negative_3750_a.jpg
Anchor_3801_a.jpg,Positive_3807_a.jpg,Negative_3673_a.jpg
Anchor_3801_a.jpg,Positive_3808_a.jpg,Negative_3672_a.jpg
Anchor_3802_a.jpg,Positive_3803_a.jpg,Negative_3667_a.jpg
Anchor_3802_a.jpg,Positive_3804_a.jpg,Negative_3910_a.jpg
Anchor_3802_a.jpg,Positive_3805_a.jpg,Negative_3644_a.jpg
Anchor_3802_a.jpg,Positive_3806_a.jpg,Negative_3589_a.jpg
Anchor_3802_a.jpg,Positive_3807_a.jpg,Negative_3897_a.jpg
Anchor_3802_a.jpg,Positive_3808_a.jpg,Negative_3585_a.jpg
Anchor_3803_a.jpg,Positive_3804_a.jpg,Negative_3810_a.jpg
Anchor_3803_a.jpg,Positive_3805_a.jpg,Negative_3788_a.jpg
Anchor_3803_a.jpg,Positive_3806_a.jpg,Negative_3590_a.jpg
Anchor_3803_a.jpg,Positive_3807_a.jpg,Negative_3746_a.jpg
Anchor_3803_a.jpg,Positive_3808_a.jpg,Negative_3651_a.jpg
Anchor_3804_a.jpg,Positive_3805_a.jpg,Negative_3674_a.jpg
Anchor_3804_a.jpg,Positive_3806_a.jpg,Negative_3692_a.jpg
Anchor_3804_a.jpg,Positive_3807_a.jpg,Negative_3853_a.jpg
Anchor_3804_a.jpg,Positive_3808_a.jpg,Negative_3666_a.jpg
Anchor_3805_a.jpg,Positive_3806_a.jpg,Negative_3663_a.jpg
Anchor_3805_a.jpg,Positive_3807_a.jpg,Negative_3763_a.jpg
Anchor_3805_a.jpg,Positive_3808_a.jpg,Negative_3677_a.jpg
Anchor_3806_a.jpg,Positive_3807_a.jpg,Negative_3609_a.jpg
Anchor_3806_a.jpg,Positive_3808_a.jpg,Negative_3714_a.jpg
Anchor_3807_a.jpg,Positive_3808_a.jpg,Negative_3595_a.jpg
Anchor_3809_a.jpg,Positive_3810_a.jpg,Negative_3800_a.jpg
Anchor_3809_a.jpg,Positive_3811_a.jpg,Negative_3780_a.jpg
Anchor_3809_a.jpg,Positive_3812_a.jpg,Negative_3612_a.jpg
Anchor_3810_a.jpg,Positive_3811_a.jpg,Negative_3638_a.jpg
Anchor_3810_a.jpg,Positive_3812_a.jpg,Negative_3677_a.jpg
Anchor_3811_a.jpg,Positive_3812_a.jpg,Negative_3778_a.jpg
Anchor_3835_a.jpg,Positive_3836_a.jpg,Negative_3750_a.jpg
Anchor_3835_a.jpg,Positive_3603_a.jpg,Negative_3696_a.jpg
Anchor_3835_a.jpg,Positive_3837_a.jpg,Negative_3744_a.jpg
Anchor_3835_a.jpg,Positive_3838_a.jpg,Negative_3633_a.jpg
Anchor_3835_a.jpg,Positive_3839_a.jpg,Negative_3816_a.jpg
Anchor_3835_a.jpg,Positive_3840_a.jpg,Negative_3692_a.jpg
Anchor_3835_a.jpg,Positive_3841_a.jpg,Negative_3674_a.jpg
Anchor_3835_a.jpg,Positive_3842_a.jpg,Negative_3659_a.jpg
Anchor_3836_a.jpg,Positive_3603_a.jpg,Negative_3613_a.jpg
Anchor_3836_a.jpg,Positive_3837_a.jpg,Negative_3661_a.jpg
Anchor_3836_a.jpg,Positive_3838_a.jpg,Negative_3926_a.jpg
Anchor_3836_a.jpg,Positive_3839_a.jpg,Negative_3904_a.jpg
Anchor_3836_a.jpg,Positive_3840_a.jpg,Negative_3744_a.jpg
Anchor_3836_a.jpg,Positive_3841_a.jpg,Negative_3613_a.jpg
Anchor_3836_a.jpg,Positive_3842_a.jpg,Negative_3697_a.jpg
Anchor_3603_a.jpg,Positive_3837_a.jpg,Negative_3650_a.jpg
Anchor_3603_a.jpg,Positive_3838_a.jpg,Negative_3806_a.jpg
Anchor_3603_a.jpg,Positive_3839_a.jpg,Negative_3811_a.jpg
Anchor_3603_a.jpg,Positive_3840_a.jpg,Negative_3594_a.jpg
Anchor_3603_a.jpg,Positive_3841_a.jpg,Negative_3911_a.jpg
Anchor_3603_a.jpg,Positive_3842_a.jpg,Negative_3773_a.jpg
Anchor_3837_a.jpg,Positive_3838_a.jpg,Negative_3696_a.jpg
Anchor_3837_a.jpg,Positive_3839_a.jpg,Negative_3770_a.jpg
Anchor_3837_a.jpg,Positive_3840_a.jpg,Negative_3854_a.jpg
Anchor_3837_a.jpg,Positive_3841_a.jpg,Negative_3714_a.jpg
Anchor_3837_a.jpg,Positive_3842_a.jpg,Negative_3728_a.jpg
Anchor_3838_a.jpg,Positive_3839_a.jpg,Negative_3758_a.jpg
Anchor_3838_a.jpg,Positive_3840_a.jpg,Negative_3884_a.jpg
Anchor_3838_a.jpg,Positive_3841_a.jpg,Negative_3803_a.jpg
Anchor_3838_a.jpg,Positive_3842_a.jpg,Negative_3769_a.jpg
Anchor_3839_a.jpg,Positive_3840_a.jpg,Negative_3882_a.jpg
Anchor_3839_a.jpg,Positive_3841_a.jpg,Negative_3644_a.jpg
Anchor_3839_a.jpg,Positive_3842_a.jpg,Negative_3631_a.jpg
Anchor_3840_a.jpg,Positive_3841_a.jpg,Negative_3899_a.jpg
Anchor_3840_a.jpg,Positive_3842_a.jpg,Negative_3630_a.jpg
Anchor_3841_a.jpg,Positive_3842_a.jpg,Negative_3791_a.jpg
Anchor_3853_a.jpg,Positive_3854_a.jpg,Negative_3886_a.jpg
Anchor_3853_a.jpg,Positive_3855_a.jpg,Negative_3609_a.jpg
Anchor_3853_a.jpg,Positive_3856_a.jpg,Negative_3643_a.jpg
Anchor_3853_a.jpg,Positive_3857_a.jpg,Negative_3860_a.jpg
Anchor_3853_a.jpg,Positive_3858_a.jpg,Negative_3686_a.jpg
Anchor_3853_a.jpg,Positive_3859_a.jpg,Negative_3797_a.jpg
Anchor_3854_a.jpg,Positive_3855_a.jpg,Negative_3589_a.jpg
Anchor_3854_a.jpg,Positive_3856_a.jpg,Negative_3621_a.jpg
Anchor_3854_a.jpg,Positive_3857_a.jpg,Negative_3778_a.jpg
Anchor_3854_a.jpg,Positive_3858_a.jpg,Negative_3583_a.jpg
Anchor_3854_a.jpg,Positive_3859_a.jpg,Negative_3658_a.jpg
Anchor_3855_a.jpg,Positive_3856_a.jpg,Negative_3907_a.jpg
Anchor_3855_a.jpg,Positive_3857_a.jpg,Negative_3776_a.jpg
Anchor_3855_a.jpg,Positive_3858_a.jpg,Negative_3697_a.jpg
Anchor_3855_a.jpg,Positive_3859_a.jpg,Negative_3861_a.jpg
Anchor_3856_a.jpg,Positive_3857_a.jpg,Negative_3662_a.jpg
Anchor_3856_a.jpg,Positive_3858_a.jpg,Negative_3880_a.jpg
Anchor_3856_a.jpg,Positive_3859_a.jpg,Negative_3841_a.jpg
Anchor_3857_a.jpg,Positive_3858_a.jpg,Negative_3841_a.jpg
Anchor_3857_a.jpg,Positive_3859_a.jpg,Negative_3714_a.jpg
Anchor_3858_a.jpg,Positive_3859_a.jpg,Negative_3727_a.jpg
Anchor_3880_a.jpg,Positive_3881_a.jpg,Negative_3764_a.jpg
Anchor_3880_a.jpg,Positive_3882_a.jpg,Negative_3814_a.jpg
Anchor_3880_a.jpg,Positive_3883_a.jpg,Negative_3665_a.jpg
Anchor_3880_a.jpg,Positive_3884_a.jpg,Negative_3779_a.jpg
Anchor_3880_a.jpg,Positive_3885_a.jpg,Negative_3667_a.jpg
Anchor_3880_a.jpg,Positive_3886_a.jpg,Negative_3799_a.jpg
Anchor_3880_a.jpg,Positive_3887_a.jpg,Negative_3651_a.jpg
Anchor_3881_a.jpg,Positive_3882_a.jpg,Negative_3638_a.jpg
Anchor_3881_a.jpg,Positive_3883_a.jpg,Negative_3778_a.jpg
Anchor_3881_a.jpg,Positive_3884_a.jpg,Negative_3678_a.jpg
Anchor_3881_a.jpg,Positive_3885_a.jpg,Negative_3669_a.jpg
Anchor_3881_a.jpg,Positive_3886_a.jpg,Negative_3789_a.jpg
Anchor_3881_a.jpg,Positive_3887_a.jpg,Negative_3689_a.jpg
Anchor_3882_a.jpg,Positive_3883_a.jpg,Negative_3857_a.jpg
Anchor_3882_a.jpg,Positive_3884_a.jpg,Negative_3654_a.jpg
Anchor_3882_a.jpg,Positive_3885_a.jpg,Negative_3743_a.jpg
Anchor_3882_a.jpg,Positive_3886_a.jpg,Negative_3679_a.jpg
Anchor_3882_a.jpg,Positive_3887_a.jpg,Negative_3837_a.jpg
Anchor_3883_a.jpg,Positive_3884_a.jpg,Negative_3813_a.jpg
Anchor_3883_a.jpg,Positive_3885_a.jpg,Negative_3759_a.jpg
Anchor_3883_a.jpg,Positive_3886_a.jpg,Negative_3903_a.jpg
Anchor_3883_a.jpg,Positive_3887_a.jpg,Negative_3680_a.jpg
Anchor_3884_a.jpg,Positive_3885_a.jpg,Negative_3647_a.jpg
Anchor_3884_a.jpg,Positive_3886_a.jpg,Negative_3698_a.jpg
Anchor_3884_a.jpg,Positive_3887_a.jpg,Negative_3639_a.jpg
Anchor_3885_a.jpg,Positive_3886_a.jpg,Negative_3632_a.jpg
Anchor_3885_a.jpg,Positive_3887_a.jpg,Negative_3725_a.jpg
Anchor_3886_a.jpg,Positive_3887_a.jpg,Negative_3799_a.jpg
Anchor_3894_a.jpg,Positive_3586_a.jpg,Negative_3657_a.jpg
Anchor_3894_a.jpg,Positive_3895_a.jpg,Negative_3758_a.jpg
Anchor_3894_a.jpg,Positive_3896_a.jpg,Negative_3637_a.jpg
Anchor_3586_a.jpg,Positive_3895_a.jpg,Negative_3672_a.jpg
Anchor_3586_a.jpg,Positive_3896_a.jpg,Negative_3673_a.jpg
Anchor_3895_a.jpg,Positive_3896_a.jpg,Negative_3743_a.jpg
Anchor_3897_a.jpg,Positive_3898_a.jpg,Negative_3894_a.jpg
Anchor_3897_a.jpg,Positive_3899_a.jpg,Negative_3715_a.jpg
Anchor_3897_a.jpg,Positive_3900_a.jpg,Negative_3732_a.jpg
Anchor_3897_a.jpg,Positive_3901_a.jpg,Negative_3713_a.jpg
Anchor_3897_a.jpg,Positive_3902_a.jpg,Negative_3670_a.jpg
Anchor_3897_a.jpg,Positive_3903_a.jpg,Negative_3663_a.jpg
Anchor_3897_a.jpg,Positive_3904_a.jpg,Negative_3814_a.jpg
Anchor_3898_a.jpg,Positive_3899_a.jpg,Negative_3895_a.jpg
Anchor_3898_a.jpg,Positive_3900_a.jpg,Negative_3748_a.jpg
Anchor_3898_a.jpg,Positive_3901_a.jpg,Negative_3637_a.jpg
Anchor_3898_a.jpg,Positive_3902_a.jpg,Negative_3859_a.jpg
Anchor_3898_a.jpg,Positive_3903_a.jpg,Negative_3690_a.jpg
Anchor_3898_a.jpg,Positive_3904_a.jpg,Negative_3838_a.jpg
Anchor_3899_a.jpg,Positive_3900_a.jpg,Negative_3811_a.jpg
Anchor_3899_a.jpg,Positive_3901_a.jpg,Negative_3690_a.jpg
Anchor_3899_a.jpg,Positive_3902_a.jpg,Negative_3675_a.jpg
Anchor_3899_a.jpg,Positive_3903_a.jpg,Negative_3798_a.jpg
Anchor_3899_a.jpg,Positive_3904_a.jpg,Negative_3762_a.jpg
Anchor_3900_a.jpg,Positive_3901_a.jpg,Negative_3672_a.jpg
Anchor_3900_a.jpg,Positive_3902_a.jpg,Negative_3638_a.jpg
Anchor_3900_a.jpg,Positive_3903_a.jpg,Negative_3681_a.jpg
Anchor_3900_a.jpg,Positive_3904_a.jpg,Negative_3907_a.jpg
Anchor_3901_a.jpg,Positive_3902_a.jpg,Negative_3883_a.jpg
Anchor_3901_a.jpg,Positive_3903_a.jpg,Negative_3816_a.jpg
Anchor_3901_a.jpg,Positive_3904_a.jpg,Negative_3713_a.jpg
Anchor_3902_a.jpg,Positive_3903_a.jpg,Negative_3770_a.jpg
Anchor_3902_a.jpg,Positive_3904_a.jpg,Negative_3645_a.jpg
Anchor_3903_a.jpg,Positive_3904_a.jpg,Negative_3728_a.jpg
Anchor_3619_a.jpg,Positive_3905_a.jpg,Negative_3672_a.jpg
Anchor_3619_a.jpg,Positive_3926_a.jpg,Negative_3668_a.jpg
Anchor_3619_a.jpg,Positive_3906_a.jpg,Negative_3839_a.jpg
Anchor_3619_a.jpg,Positive_3907_a.jpg,Negative_3717_a.jpg
Anchor_3619_a.jpg,Positive_3908_a.jpg,Negative_3766_a.jpg
Anchor_3619_a.jpg,Positive_3909_a.jpg,Negative_3644_a.jpg
Anchor_3619_a.jpg,Positive_3910_a.jpg,Negative_3770_a.jpg
Anchor_3619_a.jpg,Positive_3911_a.jpg,Negative_3629_a.jpg
Anchor_3905_a.jpg,Positive_3926_a.jpg,Negative_3839_a.jpg
Anchor_3905_a.jpg,Positive_3906_a.jpg,Negative_3881_a.jpg
Anchor_3905_a.jpg,Positive_3907_a.jpg,Negative_3793_a.jpg
Anchor_3905_a.jpg,Positive_3908_a.jpg,Negative_3787_a.jpg
Anchor_3905_a.jpg,Positive_3909_a.jpg,Negative_3715_a.jpg
Anchor_3905_a.jpg,Positive_3910_a.jpg,Negative_3808_a.jpg
Anchor_3905_a.jpg,Positive_3911_a.jpg,Negative_3841_a.jpg
Anchor_3926_a.jpg,Positive_3906_a.jpg,Negative_3775_a.jpg
Anchor_3926_a.jpg,Positive_3907_a.jpg,Negative_3641_a.jpg
Anchor_3926_a.jpg,Positive_3908_a.jpg,Negative_3882_a.jpg
Anchor_3926_a.jpg,Positive_3909_a.jpg,Negative_3805_a.jpg
Anchor_3926_a.jpg,Positive_3910_a.jpg,Negative_3857_a.jpg
Anchor_3926_a.jpg,Positive_3911_a.jpg,Negative_3802_a.jpg
Anchor_3906_a.jpg,Positive_3907_a.jpg,Negative_3586_a.jpg
Anchor_3906_a.jpg,Positive_3908_a.jpg,Negative_3583_a.jpg
Anchor_3906_a.jpg,Positive_3909_a.jpg,Negative_3658_a.jpg
Anchor_3906_a.jpg,Positive_3910_a.jpg,Negative_3698_a.jpg
Anchor_3906_a.jpg,Positive_3911_a.jpg,Negative_3786_a.jpg
Anchor_3907_a.jpg,Positive_3908_a.jpg,Negative_3881_a.jpg
Anchor_3907_a.jpg,Positive_3909_a.jpg,Negative_3695_a.jpg
Anchor_3907_a.jpg,Positive_3910_a.jpg,Negative_3896_a.jpg
Anchor_3907_a.jpg,Positive_3911_a.jpg,Negative_3664_a.jpg
Anchor_3908_a.jpg,Positive_3909_a.jpg,Negative_3630_a.jpg
Anchor_3908_a.jpg,Positive_3910_a.jpg,Negative_3681_a.jpg
Anchor_3908_a.jpg,Positive_3911_a.jpg,Negative_3793_a.jpg
Anchor_3909_a.jpg,Positive_3910_a.jpg,Negative_3708_a.jpg
Anchor_3909_a.jpg,Positive_3911_a.jpg,Negative_3725_a.jpg
Anchor_3910_a.jpg,Positive_3911_a.jpg,Negative_3761_a.jpg
